{
  "other/place_names.geojson": [34.244754, 31.25264, 35.461556, 32.792094],
  "s1/gaza_strip.geojson": [34.21875, 31.22443, 34.56802, 31.59496],
  "s1/green_line.geojson": [34.21858, 31.21858, 35.55873, 32.55226],
  "s1/israel_pre_1967.geojson": [34.26607, 29.48946, 35.66957, 33.29199],
  "s1/west_bank_and_latrun.geojson": [34.88114, 31.34234, 35.57356, 32.5522],
  "s10/settlement_point_all.geojson": [34.23016, 31.30886, 35.53468, 32.48053],
  "s10/area_a.geojson": [34.93813, 31.37827, 35.50603, 32.51961],
  "s11/gaza_fence.geojson": [34.21874, 31.22438, 34.56801, 31.59492],
  "s12/gaza_fishing_limits.geojson": [33.95906, 31.33526, 34.47671, 31.76674],
  "s12/gaza_no_fishing_areas.geojson": [33.94416, 31.32433, 34.49151, 31.78686],
  "s13/settlement_point_outpost.geojson": [34.96878, 31.36739, 35.50737, 32.48225],
  "s11/gaza_crossings.geojson": [34.25744, 31.22398, 34.54332, 31.5583],
  "s13/settlement_polygon_outpost.geojson": [34.96762, 31.36647, 35.50816, 32.4844],
  "s10/area_b.geojson": [34.90195, 31.36624, 35.54017, 32.54895],
  "s10/settlement_polygon_all.geojson": [34.22753, 31.30754, 35.54063, 32.48369],
  "s14/checkpoints_all.geojson": [129311.90890000015, 570689.7477000002, 251352.76460000034, 716396.3330000006],
  "s16/barrier_gates.geojson": [34.90591124000008, 31.35974541300004, 35.41071049800007, 32.51701460500004],
  "s16/cut_off_areas.geojson": [35.20695, 31.80484, 35.25699, 31.88297],
  "s10/area_c.geojson": [34.88045, 31.34264, 35.57315, 32.55231],
  "s18/new_national_parks.geojson": [35.13634880751005, 31.728540271712205, 35.259346170302344, 31.7967428112371],
  "s2/east_jerusalem_annexed.geojson": [35.1511, 31.70946, 35.26539, 31.88304],
  "s2/jerusalem_new_municipal_boundary.geojson": [35.12474, 31.70946, 35.26539, 31.88304],
  "s2/jerusalem_old_city.geojson": [35.22582, 31.77291, 35.23766, 31.7837],
  "s2/jordanian_jerusalem_pre_1967.geojson": [35.2176, 31.75879, 35.2498, 31.81129],
  "s20/farmers_on_foot_only.geojson": [34.26500332479548, 31.224481466292275, 34.568013478816, 31.59492041247803],
  "s15/seam_zone.geojson": [34.88045, 31.34264, 35.4807, 32.55231],
  "s20/no_go_zone.geojson": [34.26591131044608, 31.224481466292275, 34.568013478816, 31.59492041247803],
  "s20/risk_zone.geojson": [34.26182512551057, 31.224481466292275, 34.568013478816, 31.59492041247803],
  "s17/closed_military_zones_2.geojson": [34.88435217543045, 31.35301071711001, 35.55744279257574, 32.51699896707342],
  "s15/separation_barrier.geojson": [34.88214, 31.34363, 35.5537, 32.55205],
  "s22–final map/settlements_1993.geojson": [34.24099, 31.32574, 35.50816, 32.42619],
  "s22–final map/settlements_point.geojson": [34.23016, 31.30886, 35.53468, 32.48053],
  "s4/allon_road.geojson": [35.30983, 31.81439, 35.51497, 32.37087],
  "s22–final map/settlements.geojson": [34.22753, 31.30754, 35.54063, 32.48369],
  "s4/route_90.geojson": [34.90389, 29.4917, 35.5869, 33.27968],
  "s4/settlement_point_1967.geojson": [34.28785, 31.30886, 35.52284, 32.36542],
  "s4/east_jerusalem_expropriated_areas.geojson": [35.17383, 31.72587, 35.26148, 31.87128],
  "s5/jerusalem_walls_national_park.geojson": [35.22385, 31.76772, 35.24004, 31.7861],
  "s4/settlement_polygon_1967.geojson": [34.28573, 31.30754, 35.52572, 32.36857],
  "s22–final map/settlements_1993_point.geojson": [34.24359, 31.32925, 35.50737, 32.42423],
  "s3/closed_military_zones_first_wave.geojson": [34.94169, 31.35536, 35.57348, 32.41836],
  "s7/road_35.geojson": [34.60675, 31.5544, 35.11938, 31.66586],
  "s7/road_1.geojson": [34.78416, 31.78294, 35.49041, 32.05749],
  "s6/declared_state_land.geojson": [34.88482, 31.35073, 35.5538, 32.51938],
  "s7/road_367.geojson": [35.0008, 31.64627, 35.13203, 31.68721],
  "s5/nature_reserves_first_wave.geojson": [35.04073, 31.49026, 35.553, 32.48294],
  "s7/road_443.geojson": [34.93625, 31.85747, 35.22691, 31.95597],
  "s7/road_505_5.geojson": [34.80134, 32.04699, 35.46368, 32.14284],
  "s7/road_60.geojson": [34.79787, 31.23918, 35.31906, 32.69346],
  "s7/settlement_point_1977.geojson": [34.23016, 31.31552, 35.53468, 32.48225],
  "s7/settlement_polygon_1977.geojson": [34.22753, 31.31249, 35.54063, 32.4844],
  "s9/checkpoints_all.geojson": [34.2582, 31.22443, 35.5416, 32.51033],
  "s9/east_jerusalem.geojson": [35.151, 31.70939, 35.26532, 31.88297],
  "s9/gaza.geojson": [34.21876, 31.22438, 34.56801, 31.59489],
  "s9/west_bank.geojson": [34.88045, 31.34264, 35.55595, 32.55231],
  "s21/gaza_strip_damage_sites.geojson": [34.22027435600006, 31.23267754400007, 34.55516213100009, 31.58725198400009],
  "s8/israeli_agriculture_jan_2018.geojson": [34.88677, 31.35581, 35.56619, 32.47581]
}
